State,District,Latitude,Longitude,District code,Population,Households_with_Internet,Agricultural_Workers,Cultivator_Workers,Household_Workers,Households_with_Bicycle,Households_with_Car_Jeep_Van,Graduate_Education,Sex_Ratio,literacy rate
Andhra Pradesh,Adilabad,19.284513950073435,78.81321233480176,532,2741239,5512,484912,363737,84661,150289,8338,100226,1001.0,54.0
Andhra Pradesh,Anantapur,14.312065561843148,77.4601584478577,553,4081148,8606,879537,413253,105343,206433,9915,144915,977.0,57.0
Andhra Pradesh,Chittoor,13.33109263067696,78.92763898886037,554,4174064,13763,748093,434544,57269,225856,16296,246409,997.0,64.0
Andhra Pradesh,East Godavari,16.782718320784902,82.2432074720511,545,5154296,22411,1122046,160407,57853,779052,25381,263023,1006.0,64.0
Andhra Pradesh,Guntur,15.884925767634847,80.58657614107885,548,4887813,19383,1227956,302341,47436,454586,17424,221924,1003.0,61.0
Andhra Pradesh,Hyderabad,17.38971555555556,78.46668888888888,536,3943323,149034,23029,28308,46157,229561,124106,558090,954.0,73.0
Andhra Pradesh,Karimnagar,18.515483193277312,79.43765428571413,534,3776269,8831,756859,360390,168340,406211,14175,256633,1008.0,58.0
Andhra Pradesh,Khammam,17.683921325051784,80.67008643892335,541,2797370,8628,804537,224972,19799,267852,11887,160804,1011.0,58.0
Andhra Pradesh,Krishna,16.143872753151673,81.14805061000413,547,4517398,30438,1006976,150166,48444,525079,27969,328454,992.0,67.0
Andhra Pradesh,Kurnool,15.43759715142429,77.90086836581717,552,4053463,10081,1037302,310954,60791,271815,10622,115504,988.0,52.0
Andhra Pradesh,Mahbubnagar,16.639546224256293,77.98933089244859,538,4053028,6153,931084,569142,57846,151754,12615,98227,977.0,48.0
Andhra Pradesh,Medak,17.889304978038055,78.13778901903379,535,3033288,8635,571129,353221,67642,232114,14362,127493,992.0,54.0
Andhra Pradesh,Nalgonda,17.113250515463907,79.16984453608244,539,3488809,7715,863131,325224,45124,286559,18927,196134,983.0,57.0
Andhra Pradesh,Nizamabad,18.429485849056604,78.07523490566035,533,2551335,5261,448281,278102,171311,212631,10088,141850,1040.0,54.0
Andhra Pradesh,Prakasam,15.489039001601704,80.11665790176184,549,3397448,6151,889218,280029,42603,226045,9071,133627,981.0,56.0
Andhra Pradesh,Srikakulam,18.570900998697432,84.25874814010675,542,2703114,3988,700833,165317,34479,180824,5264,121213,1015.0,55.0
Andhra Pradesh,Vizianagaram,18.28329696032972,83.45982854198873,543,2344474,4453,557254,212285,27469,168297,5002,103591,1019.0,53.0
Andhra Pradesh,Warangal,18.01752608695651,79.87422028985509,540,3512576,12952,758092,401646,43550,311837,15727,248942,997.0,59.0
Andhra Pradesh,West Godavari,16.63297943925236,81.45912990654196,546,3936966,12050,1061787,155275,33861,605463,14687,207586,1004.0,67.0
Arunachal Pradesh,Changlang,27.36048479338845,96.37552644628106,253,148226,170,4208,39732,496,13306,1102,3633,926.0,49.0
Arunachal Pradesh,East Kameng,27.371194055944056,93.04741486013997,247,78690,57,1063,21835,273,755,577,2330,1029.0,49.0
Arunachal Pradesh,East Siang,28.15382352941176,95.06499226006191,251,99214,450,3565,20185,493,6380,2072,6540,980.0,63.0
Arunachal Pradesh,Kurung Kumey,28.04853351800553,93.24531994459834,256,92076,95,2947,27417,833,189,605,2031,1032.0,40.0
Arunachal Pradesh,Lohit,27.946785273972623,96.59670770547945,259,145726,312,7789,29909,786,16426,1203,5180,912.0,57.0
Arunachal Pradesh,Lower Dibang Valley,28.32651730103806,95.76567335640142,258,54080,207,3354,9687,233,4410,703,2795,928.0,59.0
Arunachal Pradesh,Lower Subansiri,27.70849297297297,93.96226108108112,255,83030,381,1968,13656,435,1063,2002,5230,984.0,65.0
Arunachal Pradesh,Papum Pare,27.273529716981127,93.54468183962264,248,176573,2477,1859,14104,1543,3898,6454,13840,980.0,69.0
Arunachal Pradesh,Tawang,27.680683962264148,91.82504245283016,245,49977,96,1581,7631,114,105,895,1379,714.0,52.0
Arunachal Pradesh,Tirap,26.94406229508198,95.41470327868862,254,111975,98,1811,35967,836,963,679,2134,944.0,43.0
Arunachal Pradesh,Upper Siang,28.8309244897959,95.00155765306124,252,35320,97,804,9976,591,136,430,1349,889.0,52.0
Arunachal Pradesh,Upper Subansiri,28.277196566523585,93.8991435622318,249,83448,139,1846,21690,481,782,569,4276,998.0,54.0
Arunachal Pradesh,West Kameng,27.46486582278483,92.65015750452083,246,83947,202,1705,14476,801,348,1299,2693,819.0,58.0
Arunachal Pradesh,West Siang,28.106296920289843,94.53510344202908,250,112274,303,1384,28852,298,2129,1964,6030,930.0,58.0
Assam,Barpeta,26.427872264631056,90.97912010178116,303,1693622,2078,98946,205259,30342,181352,5560,46947,953.0,53.0
Assam,Bongaigaon,26.45012521994133,90.6734296187684,319,738804,2523,47406,83442,9485,97820,5837,20221,966.0,59.0
Assam,Cachar,24.815570668693017,92.86849650455927,316,1736617,5316,68664,120356,24466,93297,8700,45341,959.0,68.0
Assam,Darrang,26.58463215962442,92.04141338028155,325,928500,1166,81617,129456,10542,109858,3533,22267,954.0,52.0
Assam,Dhemaji,27.586533438485816,94.71336908517353,308,686133,1192,19181,231937,7224,83663,3504,28006,953.0,62.0
Assam,Dibrugarh,27.30612284482757,95.0998282327587,310,1326335,8817,61209,135194,14362,172503,21112,59380,961.0,67.0
Assam,Goalpara,26.017277777777807,90.59869891598912,302,1008183,1364,75828,126549,14346,113964,4112,18294,964.0,56.0
Assam,Golaghat,26.377219709794485,93.82583397823468,313,1066888,3073,66616,190590,15068,157029,9295,36887,964.0,68.0
Assam,Hailakandi,24.457496089385486,92.59154664804475,318,659296,1211,31248,65673,7313,27808,2583,11608,951.0,62.0
Assam,Jorhat,26.76244824016563,94.30197722567289,312,1092256,5651,53153,145885,31543,164118,16081,62608,962.0,73.0
Assam,Kamrup,26.170939452054807,91.58863273972592,321,1517542,3109,99522,185803,69106,199425,10052,55011,949.0,66.0
Assam,Karbi Anglong,26.08966454598031,93.11536570271832,314,956313,1923,60952,223020,9861,97148,3934,18225,951.0,58.0
Assam,Karimganj,24.69660712250711,92.3679498575498,317,1228686,1933,67033,94348,17435,38218,3757,21408,963.0,65.0
Assam,Kokrajhar,26.497246635730868,90.13997470997688,300,887142,1218,56330,156753,12423,115712,2996,17287,959.0,55.0
Assam,Lakhimpur,27.14128805970149,94.0775949253732,307,1042137,1948,43922,239377,10983,133214,6904,44212,968.0,66.0
Assam,Nagaon,26.26462170626351,92.9306191144708,305,2823768,5121,196174,346123,38122,333149,13979,66994,962.0,61.0
Assam,Nalbari,26.46323767605632,91.40598521126763,323,771639,1631,34984,58070,19302,107774,4785,39368,949.0,69.0
Assam,Sonitpur,26.73514926829268,92.85197804878044,306,1924110,4358,114865,249123,25719,275119,11760,49901,956.0,58.0
Assam,Tinsukia,27.53549291139241,95.69055949367085,309,1327929,5135,47756,149482,13241,168890,13323,38152,952.0,60.0
Bihar,Araria,26.211528119180603,87.30766554934816,209,2811569,2561,691947,222913,24367,279254,5041,39627,921.0,43.0
Bihar,Aurangabad,24.774291867469877,84.45986024096379,235,2540073,2362,426096,178525,40652,195301,7145,91371,926.0,58.0
Bihar,Aurangabad,24.774291867469877,84.45986024096379,515,3701282,23258,396630,554518,28033,192027,33322,253253,923.0,68.0
Bihar,Banka,24.832355642023337,86.8664916342413,225,2034763,1704,462614,172440,26680,159201,3258,35767,907.0,47.0
Bihar,Begusarai,25.54302613168723,86.12560144032932,222,2970541,4644,430870,146035,58167,295852,9821,101836,895.0,52.0
Bihar,Bhagalpur,25.277192885375477,87.04213814229242,224,3037766,6764,475228,135161,60461,220531,8644,118843,880.0,52.0
Bihar,Bhojpur,25.50666439393939,84.49407803030304,231,2728407,3661,364875,190896,47985,206776,7391,131137,907.0,59.0
Bihar,Buxar,25.48593018867924,84.08808081760995,232,1706352,1784,251790,132472,26122,137996,5341,64117,922.0,58.0
Bihar,Darbhanga,26.146187719298258,85.97387352472099,215,3937385,6280,642115,236673,44846,320695,10325,129597,911.0,46.0
Bihar,Gaya,24.7266541547278,84.94291217765044,236,4391418,6856,783505,370759,87178,294227,11827,131163,937.0,52.0
Bihar,Gopalganj,26.44874364161851,84.34636127167629,217,2562012,3707,338666,208959,26049,312727,9508,79109,1021.0,54.0
Bihar,Jamui,24.78418380462726,86.26316298200514,238,1760405,1839,331466,156491,105637,113424,4842,29633,922.0,49.0
Bihar,Jehanabad,25.155679045643165,84.9208124481328,239,1125313,1106,179519,86108,15075,69637,2522,45519,922.0,55.0
Bihar,Katihar,25.56565356037151,87.70466083591326,212,3071029,2941,672291,168857,20577,285976,5118,57114,919.0,42.0
Bihar,Khagaria,25.53558891454964,86.56593256351037,223,1666886,1580,325731,104517,20816,99898,3120,38697,886.0,46.0
Bihar,Kishanganj,26.324336758321294,87.95045007235886,210,1690400,1093,321867,107862,11633,177516,2436,15386,950.0,44.0
Bihar,Lakhisarai,25.183449321266963,86.12825701357468,227,1000912,1186,159970,78532,13546,49052,2415,27261,902.0,51.0
Bihar,Madhepura,25.77341929460581,86.8978443983403,213,2001762,1397,484062,190809,16347,169936,4560,44955,911.0,42.0
Bihar,Madhubani,26.41380538172716,86.16328360450552,207,4487379,5319,940642,396880,54934,416574,11636,137780,926.0,48.0
Bihar,Munger,25.198537962962963,86.54173672839504,226,1367765,2653,196449,45953,16690,112707,3755,64469,876.0,59.0
Bihar,Muzaffarpur,26.18664417177915,85.32745092024543,216,4801062,10290,769001,273436,65253,548802,23333,138916,900.0,52.0
Bihar,Nalanda,25.229345508982053,85.48053113772461,229,2877653,4156,534021,221240,52585,121583,7955,133032,922.0,53.0
Bihar,Nawada,24.825708836206903,85.61594568965519,237,2219146,1841,397505,216400,40018,75606,3991,64585,939.0,49.0
Bihar,Pashchim Champaran,27.16064352201258,84.30265911949685,203,3935042,3495,998833,217539,38691,425249,10911,70669,909.0,45.0
Bihar,Patna,25.40297114503818,85.3198433587787,230,5838465,40692,658203,271216,85349,430595,49821,452340,897.0,59.0
Bihar,Purba Champaran,26.68129336734693,85.00382155612242,204,5099371,7719,1057417,349032,46164,611212,19282,68781,902.0,45.0
Bihar,Purnia,25.81714801901739,87.40447606973065,211,3264619,4170,745015,197424,28840,291919,8390,59996,921.0,41.0
Bihar,Rohtas,24.99170460829495,83.9350762672811,234,2959918,4594,405544,218087,48512,224824,10819,161555,918.0,61.0
Bihar,Saharsa,25.821270696721303,86.54670819672135,214,1900661,1668,356833,164600,18651,129847,3824,47051,906.0,42.0
Bihar,Samastipur,25.793205563909765,85.94833323308269,221,4261566,5379,721629,299039,47917,458268,10621,129933,911.0,50.0
Bihar,Saran,25.89656077844312,84.82266287425155,219,3951862,4509,493461,232097,42103,431759,10948,148065,954.0,55.0
Bihar,Sheikhpura,25.12472436548223,85.77839390862943,228,636342,631,109696,54511,9917,33652,1728,19676,930.0,52.0
Bihar,Sheohar,26.458380748663107,85.29539411764709,205,656246,478,136334,38727,9119,73447,1410,10091,893.0,43.0
Bihar,Sitamarhi,26.56570069686413,85.61172491289203,206,3423574,3460,635907,216012,37932,317432,7292,70549,899.0,42.0
Bihar,Siwan,26.1736372013652,84.33766552901022,218,3330464,3834,376344,264928,31244,382782,10891,119164,988.0,58.0
Bihar,Supaul,26.28157893772896,86.78496465201461,208,2229076,1845,554271,201882,22555,192734,4064,45726,929.0,46.0
Bihar,Vaishali,25.8134703180212,85.39247597173153,220,3495021,4810,502637,255017,36958,397202,11316,124448,895.0,55.0
Chandigarh,Chandigarh,30.7426,76.75872465753424,55,1055450,44283,1687,2578,4799,135055,60494,174528,818.0,76.0
Chhattisgarh,Bastar,19.393866751269048,81.52895126903546,414,1413199,1782,287828,284472,10821,192012,4227,32895,1023.0,46.0
Chhattisgarh,Bilaspur,22.356942982456143,81.99770350877188,30,381956,1574,4138,127169,2561,5387,6573,25474,981.0,75.0
Chhattisgarh,Bilaspur,22.356942982456143,81.99770350877188,406,2663629,8566,572292,276691,21658,345789,13137,134637,971.0,60.0
Chhattisgarh,Dhamtari,20.554912627291245,81.7569195519348,412,799781,1016,182602,135435,7310,119931,3069,31319,1010.0,68.0
Chhattisgarh,Durg,21.194463849287164,81.33181639511197,409,3343872,16141,560415,392341,22565,489008,28840,202424,988.0,69.0
Chhattisgarh,Jashpur,22.77286167664669,83.8703962075848,402,851669,567,197558,226866,7553,100725,2442,26161,1005.0,58.0
Chhattisgarh,Korba,22.491712499999995,82.57604326923074,404,1206640,4544,221806,113071,7899,162148,8677,61215,969.0,62.0
Chhattisgarh,Koriya,23.50412776859501,82.12515636363635,400,658917,1667,94648,118498,4830,67318,3402,26802,968.0,60.0
Chhattisgarh,Mahasamund,21.223727037773354,82.65925427435384,411,1032754,961,278073,139199,6135,175231,3546,33357,1017.0,62.0
Chhattisgarh,Raigarh,22.008265068493166,83.27797698630134,403,1493984,3342,323788,208313,9959,225249,5979,66358,991.0,64.0
Chhattisgarh,Raigarh,22.008265068493166,83.27797698630134,520,2634200,38570,191182,206975,32919,136247,43536,204507,959.0,74.0
Chhattisgarh,Raipur,20.88603153846152,82.20032759615388,410,4063872,20261,708993,383279,34078,549069,30572,227382,984.0,65.0
Chhattisgarh,Surguja,23.32719278728607,83.23582493887531,401,2359886,2737,523356,465287,12643,277773,8096,64607,978.0,50.0
Daman and Diu,Daman,20.431616666666677,72.8392366071429,495,191173,1316,481,1845,409,14642,3163,9128,534.0,79.0
Daman and Diu,Junagadh,20.72568199498111,70.83985639899612,479,2743082,6628,333996,367311,9645,189600,17447,139957,953.0,67.0
Goa,North Goa,15.548723418714054,73.80667997909038,585,818008,23440,14120,15402,8862,41713,44342,86781,963.0,81.0
Goa,South Goa,15.195278658183785,73.941792596877,586,640537,17624,12640,15952,5846,37799,35031,57460,986.0,78.0
Gujarat,Ahmadabad,22.605425564971743,72.23898135593227,474,7214225,126341,268954,142670,54876,680535,174812,839295,904.0,75.0
Gujarat,Amreli,21.04832649310872,71.43457637825426,480,1514190,2538,209935,232126,6083,96477,10236,50999,964.0,66.0
Gujarat,Anand,22.282718206229863,72.57782051557454,482,2092745,9902,346329,152412,16460,172466,19352,110351,925.0,74.0
Gujarat,Banas Kantha,24.258538965517253,71.93205252873561,469,3120506,3424,350541,475585,11812,75914,22723,66950,938.0,55.0
Gujarat,Bharuch,21.75787276237761,72.67326346710801,488,1551019,10257,253577,78120,8902,96508,21579,74380,925.0,72.0
Gujarat,Bhavnagar,21.70219390341736,72.16272632761141,481,2880365,7297,334025,231796,17996,238912,17517,93391,933.0,66.0
Gujarat,Gandhinagar,23.193679790026252,72.67221679790026,473,1391753,12107,129356,104147,8600,121735,26385,108400,923.0,74.0
Gujarat,Jamnagar,22.410600414263328,69.62062005768233,477,2160119,11573,147193,264318,11359,157250,20471,87523,939.0,65.0
Gujarat,Junagadh,20.929523011609785,70.54733890140345,479,2743082,6628,333996,367311,9645,189600,17447,139957,953.0,67.0
Gujarat,Kachchh,23.48057203301311,68.82192301497916,468,2092371,9631,183971,105876,10802,83904,28788,60386,908.0,60.0
Gujarat,Kheda,22.88765312500002,73.018803515625,483,2299885,5710,359842,239241,12455,146364,12788,84223,940.0,72.0
Gujarat,Mahesana,23.529355452865065,72.45545194085031,471,2035064,7759,242969,189760,10282,143818,25163,130723,926.0,74.0
Gujarat,Narmada,21.70666386292833,73.68403208722742,487,590297,576,188030,62823,2594,29316,2442,14748,961.0,63.0
Gujarat,Navsari,20.866973318871995,72.86184869848157,490,1329672,6726,206608,112809,7173,136665,18669,85041,961.0,75.0
Gujarat,Panch Mahals,22.80435606837605,73.61984598290586,484,2390776,3456,376038,456768,10771,120545,9656,71810,949.0,60.0
Gujarat,Patan,23.80634198473284,71.75162977099237,470,1343734,2231,227080,136590,6392,66270,7802,46355,935.0,62.0
Gujarat,Porbandar,21.55092351651571,69.71896987722886,478,585449,1653,48964,65702,2371,40784,4395,22458,950.0,67.0
Gujarat,Rajkot,22.40603377715488,70.83679439383323,476,3804558,21785,214285,349357,23780,355586,55289,266295,927.0,72.0
Gujarat,Sabar Kantha,23.71803594548552,73.13638790459964,472,2428589,5262,333867,366711,10909,112045,22379,110817,952.0,65.0
Gujarat,Surat,21.25761372772093,72.93488716344339,492,6081322,55694,325739,109549,42040,397563,106983,379505,787.0,75.0
Gujarat,Surendranagar,22.82672007299272,71.48358740875906,475,1756268,2975,270861,185235,9518,135074,10088,58389,930.0,62.0
Gujarat,The Dangs,20.801633877551023,73.6883518367347,489,228291,137,40486,64561,1172,6914,991,3490,1006.0,62.0
Gujarat,Vadodara,22.26133739279589,73.49433010291594,486,4165626,53606,570361,312126,17680,399901,72630,314960,934.0,69.0
Gujarat,Valsad,20.44238231644259,72.9148584798345,491,1705678,11020,183025,147569,11833,119338,23938,90912,922.0,69.0
Haryana,Ambala,30.3503672316384,76.94970310734456,70,1128350,12899,57293,52871,15753,133676,26122,91472,885.0,72.0
Haryana,Bhiwani,28.728868064516128,76.02110225806452,81,1634445,5292,103788,288543,14855,99232,16793,104875,886.0,65.0
Haryana,Faridabad,28.14873109756098,77.32718536585368,88,1809733,43437,29288,27705,32286,170927,63470,259933,873.0,70.0
Haryana,Fatehabad,29.57298318584072,75.54608716814157,78,942011,3210,97997,132250,6558,86268,14030,37741,902.0,59.0
Haryana,Gurgaon,28.043894789579163,77.01935130260523,86,1514432,67087,27097,56046,18228,103261,92934,233402,854.0,73.0
Haryana,Hisar,29.23628731117825,75.84324682779452,80,1743931,10132,144213,261120,16097,147721,24642,105346,872.0,64.0
Haryana,Jhajjar,28.59651868131869,76.61137142857145,83,958405,5034,44845,112389,9254,69952,14298,58826,862.0,71.0
Haryana,Jind,29.45149821958457,76.29598575667653,77,1334152,5263,102071,230387,9114,113068,15836,64599,871.0,62.0
Haryana,Kaithal,29.96068539094649,76.37698930041155,73,1074304,3724,85651,128016,9450,95704,12792,51043,881.0,60.0
Haryana,Karnal,29.703200647249204,76.87488025889972,74,1505324,11163,133723,112288,15311,143754,26238,101387,887.0,65.0
Haryana,Kurukshetra,30.05652659846548,76.78774680306903,72,964655,7356,85890,68908,6726,107683,20261,71007,888.0,67.0
Haryana,Mahendragarh,28.1352161458333,76.14018072916659,84,922088,2624,38320,149146,7639,54810,8538,60296,895.0,68.0
Haryana,Panchkula,30.700897142857134,76.97173238095236,69,561293,18615,12827,26682,9870,42737,29497,83256,873.0,72.0
Haryana,Panipat,29.34352134146342,76.92895914634147,75,1205437,10024,62358,72120,15824,90548,17466,75774,864.0,65.0
Haryana,Rewari,28.19164714828897,76.55956007604564,85,900332,5121,28215,102698,9782,71366,12161,65143,898.0,71.0
Haryana,Rohtak,28.892517647058817,76.53123235294117,82,1061204,8482,36568,95732,8521,91682,16545,100346,867.0,70.0
Haryana,Sirsa,29.63583446327684,74.90970480225988,79,1295189,6287,147042,164297,11952,117760,24468,61620,897.0,60.0
Himachal Pradesh,Bilaspur,31.3780422907489,76.65316079295157,30,381956,1574,4138,127169,2561,5387,6573,25474,981.0,75.0
Himachal Pradesh,Bilaspur,31.3780422907489,76.65316079295157,406,2663629,8566,572292,276691,21658,345789,13137,134637,971.0,60.0
Himachal Pradesh,Chamba,32.66741814595661,76.39354063116366,23,519080,1615,9193,196665,4521,1657,5074,15506,986.0,62.0
Himachal Pradesh,Hamirpur,31.67668481012659,76.49767088607594,28,454768,2521,8824,147103,3347,7094,6665,35620,1095.0,79.0
Himachal Pradesh,Hamirpur,31.67668481012659,76.49767088607594,168,1104285,1196,181449,130314,19876,99240,3791,59612,861.0,59.0
Himachal Pradesh,Kangra,32.14093603238864,76.41205910931173,24,1510075,8053,54849,303007,15662,38456,22727,91236,1012.0,76.0
Himachal Pradesh,Kinnaur,31.60667184065933,78.51613736263741,34,84121,354,2537,32995,944,190,2775,5118,819.0,72.0
Himachal Pradesh,Kullu,31.90911922077925,77.40922649350647,26,437903,2623,12372,197141,2707,2450,8479,23168,942.0,70.0
Himachal Pradesh,Mandi,31.635805940594054,76.96556930693067,27,999777,5333,15822,387944,7134,10927,15958,54139,1007.0,72.0
Himachal Pradesh,Shimla,31.155725451807253,77.62573042168668,33,814010,9177,26114,249786,7967,2813,23107,80414,915.0,75.0
Himachal Pradesh,Sirmaur,30.682764453961443,77.43184689507493,32,529855,2220,10730,182958,5313,16691,7459,23352,918.0,68.0
Himachal Pradesh,Solan,31.03864311926604,76.94442140672783,31,580320,5250,10283,141267,4969,12426,15117,36803,880.0,74.0
Himachal Pradesh,Una,31.58330388349513,76.18353932038836,29,521173,2412,19604,84800,3427,41378,8059,32120,976.0,77.0
Jammu and Kashmir,Doda,33.359614675767915,76.07163720136518,16,409936,596,12199,69947,1932,563,1804,12647,919.0,53.0
Jammu and Kashmir,Jammu,32.713199095022645,74.8477520361991,21,1529958,19905,36873,68613,10589,68272,44063,146501,880.0,74.0
Jammu and Kashmir,Kargil,33.565994894894914,76.63675315315312,4,140802,235,3763,8266,1222,488,1847,3077,810.0,61.0
Jammu and Kashmir,Kathua,32.51781678321678,75.58901398601404,7,616435,1443,21566,69533,3952,17726,4687,24330,890.0,63.0
Jammu and Kashmir,Pulwama,33.88414418604652,75.00921860465118,12,560440,1537,34080,49746,10615,5479,6164,31286,912.0,52.0
Jammu and Kashmir,Punch,33.791241290322574,74.29593161290322,5,476835,346,31583,54264,3930,846,1731,13962,893.0,55.0
Jammu and Kashmir,Srinagar,34.27312898550724,75.11021159420288,10,1236829,16413,10408,12228,20095,44501,34586,121856,900.0,61.0
Jammu and Kashmir,Udhampur,33.04770670731707,75.15286951219511,19,554985,1214,11396,113020,2641,3948,3800,17345,870.0,58.0
Jharkhand,Bokaro,23.6814965034965,85.98398374125864,355,2062330,9754,126406,137521,21671,247231,21098,116396,922.0,62.0
Jharkhand,Chatra,24.11619945750453,84.93295804701627,347,1042886,590,188513,119297,14210,90400,2110,21697,953.0,49.0
Jharkhand,Deoghar,24.33070100755672,86.75697632241814,350,1492073,1944,209693,128656,39361,174959,3714,43979,925.0,53.0
Jharkhand,Dhanbad,23.854509090909097,86.40372924901185,354,2684487,11568,103488,97118,25889,283681,18631,107382,909.0,64.0
Jharkhand,Dumka,24.275006125574265,87.27662450229711,362,1321442,1193,303084,193402,23106,175375,2912,25593,977.0,51.0
Jharkhand,Garhwa,24.082114689265527,83.68664265536722,346,1322784,565,328673,113561,14487,108161,2671,28144,935.0,49.0
Jharkhand,Giridih,24.30578509874329,86.08710915619386,349,2445474,1944,362610,369913,32544,226550,6290,55122,944.0,51.0
Jharkhand,Godda,24.8189,87.2941735483871,351,1313551,874,307767,144603,18719,133332,1754,30870,938.0,46.0
Jharkhand,Gumla,23.078532948929148,84.55056787479396,366,1025213,831,97918,321272,12771,130700,2181,23742,993.0,55.0
Jharkhand,Jamtara,23.97873318077801,86.95325080091534,363,791042,808,135667,106008,11547,116861,1632,14802,954.0,54.0
Jharkhand,Latehar,23.72511185840708,84.48298743362837,359,726978,340,142729,103693,9205,63127,1268,13956,967.0,48.0
Jharkhand,Lohardaga,23.488796043165483,84.6605169064748,356,461790,351,80840,99780,4449,66235,1102,13847,985.0,56.0
Jharkhand,Pakur,24.57260428082189,87.69691969178076,353,900422,328,150028,105334,19471,102037,923,9822,989.0,39.0
Jharkhand,Palamu,24.196925968109337,84.20310842824594,358,1939869,2155,380976,133585,19911,159105,8015,63595,928.0,53.0
Jharkhand,Ranchi,23.184235061391547,85.31781937244203,364,2914253,22538,267360,317487,38452,344888,34053,195181,949.0,66.0
Jharkhand,Sahibganj,24.93667989690721,87.68264097938142,352,1150567,591,206902,109975,43179,95511,1285,19832,952.0,42.0
Jharkhand,Simdega,22.608760391198054,84.59193691931536,367,599578,423,90232,158019,8011,86022,1158,13674,997.0,57.0
Karnataka,Bagalkot,16.15860676328503,75.64526070853468,556,1889752,3745,303243,196199,44797,153879,9726,82319,989.0,59.0
Karnataka,Bangalore Rural,12.936827087794448,77.47369314775169,583,990923,3729,84108,127770,19457,93908,10389,51015,946.0,70.0
Karnataka,Belgaum,16.16107219152853,74.72329042357275,555,4779661,17560,649517,711980,60342,519937,35104,201884,973.0,64.0
Karnataka,Bellary,15.074377548209377,76.47228471074374,565,2452595,9626,406092,258080,22832,164714,14163,89475,983.0,58.0
Karnataka,Bidar,17.950361730769224,77.19459961538459,558,1703300,3971,280091,141302,18095,102869,9724,54900,956.0,61.0
Karnataka,Bijapur,16.84015316666667,75.95909166666665,417,255230,117,49859,66504,1399,16830,305,3421,984.0,34.0
Karnataka,Bijapur,16.84015316666667,75.95909166666665,557,2177331,4987,351600,262217,25379,161995,11722,96990,960.0,57.0
Karnataka,Chikmagalur,13.425288289676422,75.67626502311249,570,1137961,4510,126600,155392,8873,76379,15446,72420,1008.0,72.0
Karnataka,Chitradurga,14.29102220394736,76.57821957236843,566,1659456,5711,294337,286245,26235,102607,7425,75262,974.0,66.0
Karnataka,Davanagere,14.330414586709884,75.91723841166937,567,1945497,7320,295873,230846,31438,146389,15449,123863,972.0,67.0
Karnataka,Dharwad,15.343831376975173,75.13831264108359,562,1847023,15013,207642,164279,16463,111313,21127,137768,971.0,70.0
Karnataka,Gadag,15.507128256880746,75.64861302752298,561,1064570,3373,200310,127441,15485,73191,5205,42053,982.0,66.0
Karnataka,Gulbarga,17.070459515951594,76.87503850385033,579,2566326,9752,415267,220198,25891,118463,12872,104256,971.0,56.0
Karnataka,Hassan,12.945098749999998,76.11049549999997,574,1776421,4851,165910,437034,16126,138247,14979,103152,1010.0,69.0
Karnataka,Haveri,14.737582809224318,75.3961230607966,564,1597668,2456,311263,203055,20217,117943,5681,55310,950.0,68.0
Karnataka,Kodagu,12.39684468085106,75.79336595744688,576,554519,3308,15153,21174,1549,20075,16963,43225,1019.0,74.0
Karnataka,Kolar,13.312799881235172,78.01376947743476,581,1536401,5051,201233,183057,24178,127046,9208,71422,979.0,66.0
Karnataka,Koppal,15.651253271028034,76.1617048598131,560,1389920,2135,273016,163413,18794,97577,6211,43967,986.0,58.0
Karnataka,Mandya,12.574901806239744,76.81570098522172,573,1805769,3367,216159,388981,17834,192330,8188,102838,995.0,64.0
Karnataka,Mysore,12.248100259403367,76.52881802853437,577,3001127,28397,311002,349337,28162,252546,40420,212541,985.0,65.0
Karnataka,Raichur,16.050795353982295,76.87368606194688,559,1928812,5200,383526,245299,19095,120959,11104,50463,1000.0,51.0
Karnataka,Shimoga,14.063845885634592,75.17882078103197,568,1752753,8791,246464,204493,15087,165796,20781,111753,998.0,72.0
Karnataka,Tumkur,13.592467760074973,77.02297966260545,571,2678980,7971,352286,505910,54523,276586,14929,143735,984.0,68.0
Karnataka,Udupi,13.450404228534568,74.72009990316337,569,1177361,9070,63390,63143,10580,79637,21349,107279,1094.0,79.0
Kerala,Alappuzha,9.542602965599087,76.38010796263319,598,2127789,28842,71706,25237,35865,229196,42404,198858,1100.0,87.0
Kerala,Ernakulam,10.004879301987431,76.26957729035381,595,3282388,88737,71391,50423,23976,250078,135307,429880,1027.0,87.0
Kerala,Idukki,9.80480963855423,77.04586641566264,596,1108974,8250,145698,100917,6888,19378,21976,86136,1006.0,83.0
Kerala,Kannur,11.941523076923056,75.35209891725934,589,2523003,32653,82988,36549,12875,66300,44108,217203,1136.0,85.0
Kerala,Kasaragod,12.33310309912974,75.07768497134369,588,1307375,10378,38774,23732,24496,27736,19438,76192,1080.0,79.0
Kerala,Kollam,8.929388820570157,76.6360775852431,600,2635375,31542,92193,56693,21511,157906,58867,233402,1113.0,85.0
Kerala,Kottayam,9.643701174068417,76.46059673302705,597,1974551,37849,63052,49991,18523,76041,73096,221350,1039.0,89.0
Kerala,Kozhikode,11.392924270557026,75.71158720159153,591,3086293,36791,64198,26543,13312,94227,54277,250117,1098.0,85.0
Kerala,Malappuram,10.97329875666072,75.93910775606876,592,4112920,27909,117405,57567,18423,96908,59145,203779,1098.0,81.0
Kerala,Palakkad,10.784926903553291,76.49980490693744,593,2809934,27162,249949,67805,25035,101999,43458,180540,1067.0,80.0
Kerala,Thiruvananthapuram,8.537101759082221,76.88711502868073,601,3301427,71621,94470,38837,28587,136964,96456,381782,1087.0,84.0
Kerala,Thrissur,10.458932647907687,76.12321940836945,594,3121200,56148,73941,41786,27883,248933,84016,338600,1108.0,86.0
Kerala,Wayanad,11.715277464788736,76.07587007042254,590,817420,4712,101630,52759,4574,15359,13027,51111,1035.0,79.0
Madhya Pradesh,Anuppur,23.18184220430107,81.86560000000007,461,749237,1290,130376,115448,7051,84977,2895,31646,976.0,58.0
Madhya Pradesh,Ashoknagar,24.63098846153845,77.82974493927134,459,845071,619,122387,116913,10559,43637,2373,22791,904.0,56.0
Madhya Pradesh,Balaghat,21.80020720640569,80.42170053380796,457,1701698,1712,459796,257785,19245,252422,4045,74213,1021.0,67.0
Madhya Pradesh,Barwani,21.702135714285724,74.91004719710673,441,1385881,1158,267196,287704,7451,51163,3102,30754,982.0,40.0
Madhya Pradesh,Betul,21.964626315789477,77.7873428189117,447,1575362,2109,358157,253602,11849,114524,5740,82761,971.0,60.0
Madhya Pradesh,Bhind,26.35951126187245,78.7618324287653,420,1703005,1166,158266,231185,9838,165675,4463,50222,837.0,64.0
Madhya Pradesh,Bhopal,23.480726143790854,77.39246623093679,444,2371061,40788,105195,73346,24732,159808,60383,266618,918.0,70.0
Madhya Pradesh,Burhanpur,21.364567254408065,76.24460478589425,467,757847,986,156295,67799,8077,37369,2142,28237,951.0,54.0
Madhya Pradesh,Chhatarpur,24.813637376460004,79.56449299191374,425,1762375,1880,238364,302228,26390,197839,6206,59704,883.0,54.0
Madhya Pradesh,Chhindwara,22.227966971713823,78.76413136439254,455,2090922,3588,422668,283111,14585,158956,8235,112383,964.0,62.0
Madhya Pradesh,Damoh,23.76624407960196,79.47049303482588,428,1264219,1432,250165,114611,67383,116361,3031,41158,910.0,59.0
Madhya Pradesh,Datia,25.90226439560441,78.63916571428574,422,786754,616,93744,152903,6839,65191,2897,34853,873.0,62.0
Madhya Pradesh,Dewas,22.7851110021322,76.46088805970157,437,1563715,3518,310606,260222,11816,117794,9017,55383,942.0,59.0
Madhya Pradesh,Dhar,22.572681718963157,75.1105620736698,438,2185793,2388,437437,385522,15830,114497,8080,66721,964.0,49.0
Madhya Pradesh,Dindori,22.83738437047757,81.04332966714911,453,704524,554,190962,150084,7958,26743,1291,15179,1002.0,54.0
Madhya Pradesh,Guna,24.49043927178156,77.2235895968791,458,1241519,2482,175615,213949,12079,76571,5968,42147,912.0,53.0
Madhya Pradesh,Gwalior,26.04074441964285,78.12782433035713,421,2032036,15779,120348,130586,22592,194763,21313,193947,864.0,67.0
Madhya Pradesh,Harda,22.227659781121783,77.07022571819435,448,570465,986,101256,68019,6459,29025,3556,27126,935.0,62.0
Madhya Pradesh,Hoshangabad,22.595268801996703,78.02168094841929,449,1241350,2871,181967,116440,9982,106654,7335,84769,914.0,65.0
Madhya Pradesh,Indore,22.680265752128648,75.9133801324502,439,3276697,48691,185528,150907,43584,318881,64865,382658,928.0,70.0
Madhya Pradesh,Jabalpur,23.18525572327043,79.98328754716981,451,2463289,20443,283636,106882,69946,271469,26487,235072,929.0,71.0
Madhya Pradesh,Jhabua,22.419578015397768,74.40921616766468,464,1025048,744,115649,329175,5132,31319,2215,20240,990.0,34.0
Madhya Pradesh,Katni,23.724416229116937,80.33819665871127,450,1292042,2179,223902,112812,31261,133962,3958,53578,952.0,61.0
Madhya Pradesh,Mandla,22.70348712446353,80.38600543633753,454,1054905,912,318909,148931,9453,80798,2246,35476,1008.0,57.0
Madhya Pradesh,Mandsaur,24.19278764044944,75.43588667736759,433,1340411,2324,266350,281465,8556,123272,5435,52546,963.0,62.0
Madhya Pradesh,Morena,26.37313504531724,77.88447341389724,419,1965970,1781,148222,304674,16354,172169,5829,71005,840.0,60.0
Madhya Pradesh,Neemuch,24.70311893333336,75.06608186666664,432,826067,1945,136330,175602,4020,84293,4498,42343,954.0,62.0
Madhya Pradesh,Panna,24.451325840092657,80.21133001158752,426,1016520,653,198847,135445,12201,96258,2219,29795,905.0,54.0
Madhya Pradesh,Raisen,23.292518206521724,78.16305495923909,446,1331597,1141,228151,138725,17316,64233,6017,48384,901.0,62.0
Madhya Pradesh,Rajgarh,23.785499026425583,76.66431223922116,442,1545814,1611,330820,285095,12123,85879,4185,51499,956.0,52.0
Madhya Pradesh,Ratlam,23.503562290502792,75.14895782122909,434,1455069,3644,305946,218692,11928,106605,5757,67192,971.0,57.0
Madhya Pradesh,Rewa,24.861184625158856,81.57572465057183,430,2365106,3406,463506,258321,50878,302445,11833,122371,931.0,61.0
Madhya Pradesh,Sagar,23.800318709677374,78.71940357771273,427,2378458,4546,378560,203600,140458,174324,11291,116753,893.0,65.0
Madhya Pradesh,Satna,24.62777621776502,80.75547048710598,429,2228935,3754,371584,227967,46056,251079,9401,105499,926.0,62.0
Madhya Pradesh,Sehore,22.9297199679658,77.06780202883085,445,1311332,1566,227026,201307,9917,82644,6041,50655,918.0,60.0
Madhya Pradesh,Seoni,22.33230487804874,79.66053863928111,456,1379131,1182,376404,173665,11957,140883,4048,55984,982.0,63.0
Madhya Pradesh,Shahdol,23.44859864559819,81.4596831828442,460,1066063,1733,258991,95795,14329,132313,3819,46513,974.0,57.0
Madhya Pradesh,Shajapur,23.566620317220547,76.33555181268885,436,1512681,1382,303157,287924,8809,105728,4200,48671,938.0,59.0
Madhya Pradesh,Sheopur,25.78014810996563,77.16911116838484,418,687861,273,115261,106745,4166,32178,1634,17091,901.0,48.0
Madhya Pradesh,Shivpuri,25.37802451874367,77.74861600810549,423,1726050,1852,220440,383340,13079,125237,5417,44812,877.0,52.0
Madhya Pradesh,Sidhi,24.17547189952905,82.1053783359498,462,1127033,837,262030,102644,15654,90963,3320,33067,957.0,53.0
Madhya Pradesh,Tikamgarh,25.14099852104666,78.89357064846428,424,1445166,1090,223852,305859,15622,153933,4139,35034,901.0,52.0
Madhya Pradesh,Ujjain,23.319288862745065,75.80383717647058,435,1986864,7501,302003,289013,19678,163671,12167,111290,955.0,62.0
Madhya Pradesh,Umaria,23.59601063063061,80.90879477477475,431,644758,839,145690,65369,8767,66004,1873,18144,950.0,55.0
Madhya Pradesh,Vidisha,23.82838307984792,77.9013507604563,443,1458875,1926,228308,168615,12408,70884,5682,59814,896.0,59.0
Maharashtra,Akola,20.746310479041902,77.12122320359276,501,1813906,6163,388521,129680,9660,126856,9037,112574,946.0,78.0
Maharashtra,Amravati,21.16520991810736,77.67583503184723,503,2888445,9438,667943,198793,20998,211384,15285,203273,951.0,78.0
Maharashtra,Aurangabad,20.0979228832952,75.32072196796334,235,2540073,2362,426096,178525,40652,195301,7145,91371,926.0,58.0
Maharashtra,Aurangabad,20.0979228832952,75.32072196796334,515,3701282,23258,396630,554518,28033,192027,33322,253253,923.0,68.0
Maharashtra,Bhandara,21.211792649727748,80.10950199637024,506,1200334,2932,312183,123099,17169,182892,5184,67061,982.0,75.0
Maharashtra,Bid,18.952353340080982,75.69319706477731,523,2585049,5614,373566,606280,21093,119991,12836,129996,916.0,66.0
Maharashtra,Buldana,20.56680611183355,76.39017880364096,500,2586258,4767,603227,385447,13770,121784,10034,113783,934.0,73.0
Maharashtra,Chandrapur,20.095609090909075,79.31556380471388,509,2204307,8239,473983,220978,21346,248585,12746,126488,961.0,72.0
Maharashtra,Dhule,21.274018690400517,74.58719071837263,498,2050862,6065,429536,239139,20646,107616,10912,114931,946.0,63.0
Maharashtra,Gondiya,21.225008411214997,80.17522698598128,507,1322507,2866,281414,186509,32525,200918,5074,57923,999.0,76.0
Maharashtra,Hingoli,19.59525302245251,77.09239412780653,512,1177345,1221,226483,241613,8268,48246,3833,38698,942.0,67.0
Maharashtra,Jalgaon,20.8828943415638,75.55140421810695,499,4229917,14297,937174,384359,38930,229955,19560,229987,925.0,68.0
Maharashtra,Jalna,19.984612534818933,75.98473607242339,514,1959046,3791,300937,418952,16705,84022,8400,64060,937.0,61.0
Maharashtra,Kolhapur,16.44881301587301,74.12897150793648,530,3876001,22269,266028,660872,59932,383946,49081,335413,957.0,73.0
Maharashtra,Latur,18.348687268993856,76.75812607802874,524,2454196,6217,416578,331780,17663,108626,13150,153256,928.0,67.0
Maharashtra,Nagpur,21.196556862745105,79.02166176470584,505,4653570,57964,423587,206606,52419,577214,71592,493236,951.0,79.0
Maharashtra,Nanded,19.209316983017,77.6829048951049,511,3361292,7548,632395,447823,29158,109371,12341,156225,943.0,65.0
Maharashtra,Nandurbar,21.523175625248147,74.32638757443429,497,1648295,2579,438176,211672,14599,40529,6135,58461,978.0,55.0
Maharashtra,Nashik,20.266912871287143,74.03824168316828,516,6107187,45039,730228,967385,56132,400486,79590,373100,934.0,71.0
Maharashtra,Osmanabad,18.19459456066944,75.99495575313809,525,1657576,3209,299525,297361,19831,93061,7974,96847,924.0,69.0
Maharashtra,Parbhani,19.31032425249168,76.70163338870431,513,1836086,3982,317806,295030,13210,82350,6973,81333,947.0,63.0
Maharashtra,Pune,18.51696171428573,74.12922881632647,521,9429408,235018,414461,886530,105711,735590,273326,1086650,915.0,76.0
Maharashtra,Raigarh,18.453257637845976,73.0090609418579,403,1493984,3342,323788,208313,9959,225249,5979,66358,991.0,64.0
Maharashtra,Raigarh,18.453257637845976,73.0090609418579,520,2634200,38570,191182,206975,32919,136247,43536,204507,959.0,74.0
Maharashtra,Ratnagiri,17.210195070127703,73.25725893866404,528,1615069,7752,153117,296913,17230,49177,15191,65700,1122.0,74.0
Maharashtra,Sangli,17.154930181086502,74.70713822937628,531,2822143,13212,290693,480554,40824,335852,29515,214003,966.0,73.0
Maharashtra,Satara,17.6737908974359,74.18052064102558,527,3003741,14093,297241,585876,39772,246949,36046,243457,988.0,74.0
Maharashtra,Sindhudurg,16.170948049777163,73.51329008172343,529,849651,3517,81816,124812,9679,39669,9264,48418,1036.0,78.0
Maharashtra,Solapur,17.837357937584812,75.42394823609216,526,4317756,15145,558334,637250,71106,419488,28219,236302,938.0,67.0
Maharashtra,Thane,19.698767747440264,72.79882742564581,517,11060148,256170,418004,349931,124461,403936,172210,961719,886.0,74.0
Maharashtra,Wardha,20.80743024390242,78.57259105691062,504,1300774,4313,282170,132989,13785,129060,6970,93772,946.0,78.0
Maharashtra,Washim,20.282282394366213,77.25502394366208,502,1197160,1875,310195,165598,7122,66675,3623,47865,930.0,73.0
Maharashtra,Yavatmal,20.04258346738159,78.05326371760479,510,2772348,6094,739718,333504,17899,168661,12132,123074,952.0,73.0
Manipur,Bishnupur,24.50712111801243,93.8246236024845,275,237399,676,15109,34358,11567,25026,2009,20074,999.0,66.0
Manipur,Chandel,24.2635812987013,94.09443844155844,280,144182,184,8315,43255,3040,7705,908,8105,933.0,63.0
Manipur,Churachandpur,24.30309718875504,93.38671506024085,274,274143,837,8282,64834,5067,12613,1807,14523,975.0,71.0
Manipur,Senapati,25.08465586034914,94.03366234413956,272,479148,256,30369,175127,4978,6761,827,24940,937.0,55.0
Manipur,Tamenglong,24.98312942238265,93.49450740072204,273,140651,125,1924,48849,1710,826,495,7102,943.0,60.0
Manipur,Thoubal,24.545392553191498,93.97959893617023,276,422168,880,33106,77331,21017,57139,3141,28550,1002.0,64.0
Manipur,Ukhrul,25.05900314960629,94.44129566929138,279,183998,276,3852,56815,2233,1275,1107,15636,943.0,71.0
Meghalaya,East Garo Hills,25.82728228228228,90.64684924924916,294,317917,288,19246,77390,2475,22238,1167,2484,972.0,60.0
Meghalaya,East Khasi Hills,25.303763888888884,91.75922519841272,298,825922,5032,40889,76767,2966,5188,15048,61639,1011.0,70.0
Meghalaya,Jaintia Hills,25.33959557069844,92.37608160136298,299,395124,510,35766,50844,2004,1826,4790,8039,1013.0,47.0
Meghalaya,South Garo Hills,25.240568578553614,90.64560349127176,295,142334,179,5565,28145,1249,2581,695,826,945.0,58.0
Meghalaya,West Garo Hills,25.495285185185185,90.03709947089942,293,643291,1630,39725,120740,7643,32839,3589,10856,984.0,56.0
Meghalaya,West Khasi Hills,25.500889926739926,91.25364542124538,296,383461,149,37184,84956,2475,3325,1683,6450,980.0,60.0
Mizoram,Aizawl,23.90781335453101,92.85359459459472,283,400309,4019,11434,39266,3360,4713,9581,31310,1009.0,85.0
Mizoram,Champhai,23.54166580976866,93.24221799485862,284,125745,186,5823,38336,980,911,1237,4087,984.0,80.0
Mizoram,Kolasib,24.2020004347826,92.73470391304348,282,83955,367,5921,17992,585,1119,867,2530,956.0,78.0
Mizoram,Lawngtlai,22.36102843137253,92.66964156862753,287,117894,162,3153,29189,613,487,631,2515,945.0,53.0
Mizoram,Lunglei,23.007717036172675,92.63512555425892,286,161428,482,10662,45439,813,1020,1982,5509,947.0,75.0
Mizoram,Mamit,23.73852942502819,92.4330803833147,281,86364,90,2553,28669,262,550,565,1771,927.0,70.0
Mizoram,Saiha,22.35744801061008,93.02827931034489,288,56574,168,957,8908,313,143,507,2204,979.0,75.0
Mizoram,Serchhip,23.263864705882344,92.914158496732,285,64937,131,1284,21804,926,482,702,2128,977.0,84.0
Nagaland,Dimapur,25.814176811594223,93.75074057971014,265,378811,3303,8990,24517,5073,18820,10008,27532,919.0,73.0
Nagaland,Kohima,25.60311428571428,93.78600657596373,270,267988,1928,2198,44684,2072,1472,8428,23439,928.0,74.0
Nagaland,Mokokchung,26.478911764705888,94.522426006192,262,194622,537,9166,48925,3798,2132,3805,10299,925.0,82.0
Nagaland,Mon,26.69207374301676,95.03072988826828,261,250260,178,10836,113473,1608,2148,1007,1772,899.0,48.0
Nagaland,Phek,25.63272986577182,94.56814563758392,266,163418,170,3159,55091,1275,549,1780,5926,951.0,65.0
Nagaland,Tuensang,26.21104453280316,94.85809880715708,267,196596,155,3913,75212,1104,355,1063,2760,929.0,60.0
Nagaland,Wokha,26.202611551155112,94.1990815181518,264,166343,198,6438,47473,1965,2907,1592,8030,968.0,77.0
Nagaland,Zunheboto,26.028178205128206,94.50026666666668,263,140757,261,11955,44723,2025,713,2258,5560,976.0,73.0
Orissa,Baleshwar,21.48570932311624,87.08085828011933,377,2320529,7370,358214,288818,28736,365510,8591,105962,957.0,70.0
Orissa,Bhadrak,20.95262735257214,86.81496204516931,378,1506337,2637,151377,155956,14451,184434,3670,67536,981.0,73.0
Orissa,Cuttack,20.407640646029623,85.7776810228802,381,2624470,15046,248298,138698,51809,391982,15494,181601,940.0,77.0
Orissa,Dhenkanal,20.79887159353349,85.53226836027711,383,1192811,1810,163636,71230,17312,159449,3533,43064,947.0,70.0
Orissa,Gajapati,19.121080882352945,84.14015091911759,389,577817,635,153199,65062,5370,28704,656,12556,1043.0,45.0
Orissa,Ganjam,19.2632617564534,84.80297710437702,388,3529031,9049,565448,284943,56274,369914,9066,97147,983.0,63.0
Orissa,Jharsuguda,21.827058566978184,83.93581682242987,371,579505,2498,56809,40867,15836,102328,3966,22010,953.0,70.0
Orissa,Kalahandi,19.784253092783523,83.1124043814433,395,1576869,1953,436733,144991,18453,226852,3547,27385,1003.0,51.0
Orissa,Kandhamal,20.092878624813142,84.02216352765326,390,733110,768,162932,79221,11946,66979,1278,14962,1037.0,55.0
Orissa,Kendrapara,20.606319815982264,86.83763247572003,379,1440361,1628,143864,149264,16544,189402,2686,75926,1007.0,76.0
Orissa,Khordha,20.054162322274863,85.52234834123229,386,2251673,35701,116274,92662,39471,325139,33514,247498,929.0,78.0
Orissa,Koraput,18.82627794779476,82.81278469846964,398,1379647,3988,290626,207194,14416,112569,6922,29000,1032.0,41.0
Orissa,Malkangiri,18.25227930367506,81.98293636363628,399,613192,448,106353,151260,7725,62048,820,5585,1020.0,40.0
Orissa,Mayurbhanj,21.897621545157754,86.4030408052231,376,2519738,2950,568755,238772,113808,418435,6279,72847,1006.0,54.0
Orissa,Nayagarh,20.192895622119817,85.05614700460825,385,962789,1163,120129,83022,17557,141578,2270,33148,915.0,71.0
Orissa,Nuapada,20.471309512195116,82.59152536585364,394,610382,757,149834,94692,8641,107595,1346,10131,1021.0,49.0
Orissa,Puri,19.83509174603177,85.86698989898981,387,1698730,3416,163942,172761,25115,244309,4693,87000,963.0,76.0
Orissa,Rayagada,19.292840020060204,83.45860120361095,396,967911,1553,248175,99265,9959,80566,2090,17681,1051.0,42.0
Orissa,Sambalpur,21.515752380952385,84.34958483245157,372,1041099,5231,160798,86800,59288,176565,5946,45828,976.0,68.0
Orissa,Sundargarh,22.06354819277107,84.50524819277099,374,2093437,12787,253327,184273,26970,341323,14641,94710,973.0,64.0
Puducherry,Karaikal,10.876161726078813,79.82369793621002,637,200222,1868,13077,2372,1327,27503,2550,18998,1047.0,77.0
Puducherry,Mahe,12.006420793787758,75.28275021570326,636,41816,574,82,43,69,868,858,4475,1184.0,87.0
Puducherry,Yanam,16.707695652173904,82.26187304347832,634,55626,207,3324,291,146,6523,226,3836,1038.0,71.0
Punjab,Amritsar,31.548679820627772,74.79883856502238,49,2490656,29961,121599,124617,41642,286368,56185,142399,889.0,68.0
Punjab,Bathinda,30.190524611973352,75.05685898004438,46,1388525,11284,128382,141535,14938,176384,36173,70240,868.0,61.0
Punjab,Faridkot,30.591187250996025,74.79751553784862,45,617508,4348,54058,53230,8225,82761,15528,29838,890.0,62.0
Punjab,Fatehgarh Sahib,30.64290947368421,76.36208394736842,40,600163,5138,21389,44245,8048,84834,18239,34990,871.0,71.0
Punjab,Firozpur,30.63407535211269,74.40245732394365,43,2029074,10042,227971,191685,14679,237901,37105,82448,893.0,60.0
Punjab,Gurdaspur,32.04283371212125,75.3204064393939,35,2298323,14428,100684,147912,30903,280874,32484,104345,895.0,71.0
Punjab,Hoshiarpur,31.55157169811319,75.8469857442349,38,1586625,13747,74362,89772,15990,227316,33720,93618,961.0,76.0
Punjab,Jalandhar,31.250336907216507,75.54400350515463,37,2193590,39082,66664,85695,29762,286365,72374,162965,915.0,74.0
Punjab,Kapurthala,31.336592638036837,75.47641165644177,36,815168,9732,42387,55252,9861,107044,23561,48221,912.0,71.0
Punjab,Ludhiana,30.76596397379912,75.83110851528383,41,3498739,58589,98646,140737,71667,461137,120172,272280,873.0,73.0
Punjab,Mansa,29.919547714285724,75.4304922857143,47,769751,2673,90367,105963,13442,90845,12805,27461,883.0,55.0
Punjab,Moga,30.756540067340065,75.1600845117845,42,995746,7897,82397,91622,18098,140084,26253,37417,893.0,63.0
Punjab,Muktsar,30.31243303303303,74.5518747747748,44,901896,4571,111014,86565,5187,109666,23185,36905,896.0,58.0
Punjab,Patiala,30.214540380693364,76.27505893949697,48,1895686,24274,89123,113182,23647,253101,57008,141947,891.0,67.0
Punjab,Rupnagar,30.910937330754347,76.53743500967126,51,684627,6600,21520,45640,12321,95548,17248,38823,915.0,73.0
Punjab,Sangrur,30.185045204336895,75.89437014178496,53,1655169,10736,91799,157191,18578,240629,35264,73636,885.0,61.0
Rajasthan,Ajmer,26.199300378787903,74.6990419191919,119,2583052,13499,145523,298856,35602,187324,24509,172683,951.0,59.0
Rajasthan,Alwar,27.55271738035265,76.65359630562563,104,3674179,9750,216772,898891,34562,242678,30207,222622,895.0,59.0
Rajasthan,Banswara,23.453642032967014,74.44246868131869,125,1797485,2324,199370,546569,19818,39865,5287,47094,980.0,46.0
Rajasthan,Baran,24.98023243243244,76.86210651828291,128,1222755,1363,185037,216538,15258,61129,5741,49939,929.0,57.0
Rajasthan,Barmer,25.77070908045978,71.50297126436782,115,2603751,2766,132696,754260,30565,47366,27009,39533,902.0,46.0
Rajasthan,Bharatpur,27.32411858037578,77.21752077244258,105,2548462,4179,238894,500994,25068,152915,10349,132571,880.0,58.0
Rajasthan,Bhilwara,25.45119767759564,74.63947595628417,122,2408523,6207,163052,555168,30149,212245,17508,106667,973.0,52.0
Rajasthan,Bikaner,28.12489068322981,73.26943322981371,101,2363937,7607,103833,499223,26244,97914,17113,101714,905.0,54.0
Rajasthan,Bundi,25.48580716049379,75.79984074074079,121,1110906,1392,111388,250453,11172,86810,5787,41052,925.0,53.0
Rajasthan,Chittaurgarh,24.631623761665463,74.80010997846382,126,1544338,4941,123469,453201,15435,173375,11261,67155,972.0,53.0
Rajasthan,Churu,28.29330375536484,74.65846427038629,102,2039547,2577,87983,572644,16594,46531,9938,77282,940.0,56.0
Rajasthan,Dausa,26.91234817629181,76.57342097264443,109,1634409,1719,76277,390960,17185,84799,6664,90833,905.0,57.0
Rajasthan,Dhaulpur,26.72397054945053,77.74476219780222,106,1206516,1330,74342,229936,12721,80614,3614,37856,846.0,57.0
Rajasthan,Dungarpur,23.75104807692308,73.84765641025645,124,1388552,1477,184330,227849,12514,18435,4385,39312,994.0,49.0
Rajasthan,Ganganagar,29.256785412667963,73.56192303262948,99,1969168,6295,230438,268297,13790,149905,21515,104071,887.0,61.0
Rajasthan,Hanumangarh,29.1813351791531,74.74632573289902,100,1774692,3360,166833,370452,13839,93418,16537,84185,906.0,58.0
Rajasthan,Jaipur,27.033459290187885,75.77117286012533,110,6626178,76565,131523,744374,91011,393025,142866,703673,910.0,65.0
Rajasthan,Jaisalmer,26.86900838548185,71.18371877346682,114,669919,754,43872,132466,6835,11291,5218,10604,852.0,46.0
Rajasthan,Jalor,25.07578093797277,72.18647261724662,116,1828730,1585,158013,493355,21867,37596,12367,25210,952.0,45.0
Rajasthan,Jhalawar,24.24725541474657,76.11242891705065,129,1411129,1750,209772,328714,11199,81160,5385,47985,946.0,52.0
Rajasthan,Jhunjhunun,28.13517401247401,75.52840893970894,103,2137045,4828,68878,521692,13472,74695,15861,158936,950.0,64.0
Rajasthan,Jodhpur,26.678460838536967,73.00450847457628,113,3687165,19335,242017,592370,42412,193641,40768,177199,916.0,55.0
Rajasthan,Karauli,26.51901555555556,76.96081818181815,107,1458248,1059,115367,335302,9521,52008,3820,67639,861.0,55.0
Rajasthan,Kota,25.175718080000014,76.18618928000001,127,1951014,12843,134992,140262,25125,150716,24848,167778,911.0,67.0
Rajasthan,Nagaur,27.07862016048146,74.14215667001012,112,3307743,4449,263401,734614,29647,90046,26150,117444,950.0,53.0
Rajasthan,Pali,25.80490393541874,73.55285640766907,118,2037573,4043,237280,243491,26119,175945,14175,67021,987.0,53.0
Rajasthan,Rajsamand,25.24894767441859,73.96570215946844,123,1156597,1989,106587,207582,13505,65503,7060,34286,990.0,54.0
Rajasthan,Sawai Madhopur,26.251081180223288,76.4219283891548,108,1335551,1887,88804,313358,12070,66594,4398,70870,897.0,56.0
Rajasthan,Sikar,27.64644058641976,75.29317422839503,111,2677333,5647,87889,501311,22776,76325,22494,181282,947.0,62.0
Rajasthan,Sirohi,24.7976905263158,72.75309131578943,117,1036346,2146,97823,124080,9443,52893,6343,27076,940.0,46.0
Rajasthan,Tonk,26.153935071707927,75.79192216427637,120,1421326,1908,113426,326083,16004,93547,6295,67155,952.0,53.0
Rajasthan,Udaipur,24.44076752136749,73.84029839743584,130,3068420,14211,302968,539106,33535,145780,27979,142672,958.0,52.0
Sikkim,East,27.29600352941175,88.74908392156858,93,1709346,80037,3094,1156,19541,103064,87499,246988,884.0,79.0
Tamil Nadu,Ariyalur,11.190514836795256,79.22249643916912,616,754894,1749,166837,107312,13564,104900,2937,57524,1015.0,64.0
Tamil Nadu,Chennai,13.058098905608748,80.28139151846806,603,4646732,217368,13674,14454,37345,409796,146388,905515,989.0,81.0
Tamil Nadu,Coimbatore,10.871376995940452,77.07619012178621,632,3458045,63273,230026,80217,50085,353990,87211,440520,1000.0,76.0
Tamil Nadu,Cuddalore,11.57587300613498,79.63002365371497,617,2605914,15396,539412,165170,32027,343988,19828,227530,987.0,70.0
Tamil Nadu,Dharmapuri,12.300141200000006,78.11509813333339,630,1506843,3651,267345,201328,15341,164521,5843,112592,946.0,61.0
Tamil Nadu,Dindigul,10.377801390820574,77.78011279554937,612,2159775,9155,467959,165405,30829,222834,15538,163050,998.0,69.0
Tamil Nadu,Erode,11.267012155963302,77.42034334862392,610,2251744,18604,370212,178170,54322,368604,33405,215514,993.0,66.0
Tamil Nadu,Kancheepuram,12.496424756511884,80.08820360135913,604,3998252,100322,272514,89343,54732,425865,68427,526886,986.0,75.0
Tamil Nadu,Kanniyakumari,8.183466300191206,77.32053064053538,629,1870374,15673,72867,15610,35789,122491,21577,254107,1019.0,83.0
Tamil Nadu,Karur,10.79532776617955,78.08749686847604,613,1064493,4915,200837,85872,11340,153941,10648,85595,1015.0,68.0
Tamil Nadu,Madurai,9.904313833333331,78.01366033333332,623,3038252,34097,372828,92719,47293,325803,30852,363152,990.0,75.0
Tamil Nadu,Nagapattinam,10.789468161718286,79.79437299431483,618,1616450,5585,345057,67482,11555,219886,9042,125639,1025.0,75.0
Tamil Nadu,Namakkal,11.33766638477801,78.14624841437633,609,1726601,8960,253726,158473,38797,262313,18550,169206,986.0,68.0
Tamil Nadu,Perambalur,11.260137758112096,78.86034011799416,615,565223,1507,118278,117304,5343,59863,2259,44025,1003.0,66.0
Tamil Nadu,Pudukkottai,10.130514816433578,79.05444484265728,621,1618345,4494,305149,209270,13941,209024,7882,111731,1015.0,69.0
Tamil Nadu,Ramanathapuram,9.31286995153476,78.99185362412462,626,1353445,5172,153874,173767,25228,125445,5524,97405,983.0,72.0
Tamil Nadu,Salem,11.629324202127655,78.2478257978723,608,3482056,20660,454210,257004,141503,441388,30660,296399,954.0,66.0
Tamil Nadu,Sivaganga,9.960306580645158,78.56535729032255,622,1339101,5773,199563,141003,14656,172619,8222,115894,1003.0,72.0
Tamil Nadu,Thanjavur,10.387692255892237,79.3194869107745,620,2405890,13495,415361,129913,31200,343328,17231,222410,1035.0,74.0
Tamil Nadu,Theni,9.924066666666668,77.43458833333332,624,1245899,4667,315161,38367,14939,99044,6607,101147,991.0,70.0
Tamil Nadu,Thiruvallur,13.275858101752885,80.19724702864492,602,3728104,75634,270586,73444,58240,374923,54505,451321,987.0,75.0
Tamil Nadu,Thiruvarur,10.368927409395978,79.60322893959727,619,1264277,4416,295188,69883,10440,189906,6790,99082,1017.0,75.0
Tamil Nadu,Tiruvannamalai,12.419318947368414,79.23265631578953,606,2464875,6445,525063,292641,46720,309133,7851,158041,994.0,66.0
Tamil Nadu,Vellore,12.784882632293078,79.02643283582084,605,3936331,20623,391955,175108,136415,491133,20393,308514,1007.0,70.0
Tamil Nadu,Virudhunagar,9.468872195892564,77.87641469194315,625,1942288,10219,208702,57153,35298,282826,9845,167506,1007.0,72.0
Tripura,Dhalai,23.781360477941163,91.94654283088232,291,378230,273,42201,45956,2870,22716,907,6425,944.0,73.0
Tripura,North Tripura,24.121739755351683,92.17842538226292,292,693947,997,43977,49286,7088,42636,2726,18419,967.0,75.0
Tripura,South Tripura,23.211874098057383,91.6065807585568,290,876001,948,111332,85530,6375,83598,3454,26870,957.0,74.0
Tripura,West Tripura,23.780166241299337,91.41310788863107,289,1725739,6394,156108,115175,25163,182610,11356,85405,962.0,79.0
Uttar Pradesh,Agra,26.99512974910393,78.05278291517321,146,4418797,27183,234455,285471,94184,444212,44989,199395,868.0,61.0
Uttar Pradesh,Aligarh,27.93748576850093,78.00146831119557,143,3673889,13634,267197,281501,78566,364661,21667,172585,882.0,57.0
Uttar Pradesh,Allahabad,25.392038662316445,82.05172446982063,175,5954391,24122,541146,474283,185877,701941,41965,428871,901.0,62.0
Uttar Pradesh,Ambedkar Nagar,26.39119025974028,82.68282142857147,178,2397888,2509,301120,213814,58520,311614,9813,194387,978.0,62.0
Uttar Pradesh,Auraiya,26.66892394014961,79.42637057356607,162,1379545,2404,151727,166731,12533,179939,5088,79012,864.0,67.0
Uttar Pradesh,Azamgarh,26.008290954773837,83.01220251256285,191,4613913,6652,452055,425630,115991,521004,20757,158303,1019.0,60.0
Uttar Pradesh,Baghpat,29.045793499999988,77.30266300000001,139,1303048,2989,74500,124718,20347,114603,13301,44164,861.0,61.0
Uttar Pradesh,Bahraich,27.691776300578027,81.46779783237004,180,3487731,2681,482897,430227,37965,397685,13451,47690,892.0,40.0
Uttar Pradesh,Ballia,25.86075638297873,84.03651978723408,193,3239774,4672,384432,206228,72194,324245,10846,200434,937.0,61.0
Uttar Pradesh,Balrampur,27.449076537911324,82.47158326180256,182,2148665,1551,328768,276614,29916,232350,6167,37109,928.0,40.0
Uttar Pradesh,Banda,25.351885902503284,80.52487391304344,170,1799410,1655,273458,251755,19098,183817,5202,63112,863.0,56.0
Uttar Pradesh,Bara Banki,26.922777025232424,81.35762350597606,176,3260699,3159,421973,458479,77235,446335,11935,113799,910.0,52.0
Uttar Pradesh,Bareilly,28.51101940789474,79.43187072368416,150,4448359,15164,326376,365985,131699,456654,24436,146446,887.0,49.0
Uttar Pradesh,Basti,26.833880454545447,82.69790590909092,185,2464464,3423,282260,296928,36856,309655,11477,143642,963.0,57.0
Uttar Pradesh,Bijnor,29.313974259681096,78.45098815489754,134,3682713,7303,311489,232158,52549,378636,17143,148185,917.0,58.0
Uttar Pradesh,Bulandshahr,28.34875862068968,78.01082758620684,142,3499171,7865,241137,332475,65937,321044,20979,151182,896.0,58.0
Uttar Pradesh,Chandauli,25.1180859611231,83.25307062634984,196,1952756,3492,248674,125980,58552,220298,7313,88299,918.0,60.0
Uttar Pradesh,Chitrakoot,25.159924623803,81.07666087551297,171,991730,827,150695,160094,12555,105264,2805,35826,879.0,54.0
Uttar Pradesh,Deoria,26.42218856548857,83.8244070686071,190,3100946,4469,291016,238237,50418,353180,13388,194341,1017.0,60.0
Uttar Pradesh,Etah,27.591155309734443,78.70021858407083,201,1774480,2635,131779,242396,28396,189111,6644,88607,873.0,59.0
Uttar Pradesh,Etawah,26.78817670157068,79.07621806282728,161,1581810,2964,158026,170827,20803,194564,7736,118571,870.0,67.0
Uttar Pradesh,Faizabad,26.60589185185181,82.00783530864202,177,2470996,4746,272734,260406,43505,346448,15426,179996,962.0,59.0
Uttar Pradesh,Farrukhabad,27.45063297872342,79.4406284574468,159,1885204,2624,135679,245089,43528,204261,6765,110391,874.0,58.0
Uttar Pradesh,Fatehpur,25.8374362030905,80.85416203090509,172,2632733,3385,425366,328758,51555,331499,16758,116445,901.0,57.0
Uttar Pradesh,Firozabad,27.20963993055552,78.42660624999998,147,2498156,5834,150221,184595,59942,278168,10940,108627,875.0,61.0
Uttar Pradesh,Gautam Buddha Nagar,28.393311038961038,77.52462467532465,141,1648115,53181,48845,72668,35400,128362,78631,101645,851.0,68.0
Uttar Pradesh,Ghaziabad,28.74997308584685,77.67441879350343,140,4681645,78116,123680,158868,83672,409265,119441,255949,881.0,67.0
Uttar Pradesh,Ghazipur,25.624724775583484,83.5360854578097,195,3620268,5309,435934,368943,68254,383511,21169,186306,952.0,61.0
Uttar Pradesh,Gonda,27.157215552099505,82.0226888024882,183,3433919,4313,431532,440340,65299,417980,13053,118176,921.0,49.0
Uttar Pradesh,Gorakhpur,26.63315886792452,83.3549560377358,188,4440895,14597,454931,255660,82965,531565,30258,273903,950.0,61.0
Uttar Pradesh,Hamirpur,25.738158381502892,79.82619479768789,28,454768,2521,8824,147103,3347,7094,6665,35620,1095.0,79.0
Uttar Pradesh,Hamirpur,25.738158381502892,79.82619479768789,168,1104285,1196,181449,130314,19876,99240,3791,59612,861.0,59.0
Uttar Pradesh,Hardoi,27.337409090909137,80.26411767676768,155,4092845,3845,406830,596813,59649,494925,12396,103523,868.0,54.0
Uttar Pradesh,Jalaun,26.067954587155988,79.36686911314993,165,1689974,2217,243035,196613,26109,162840,7009,106888,865.0,64.0
Uttar Pradesh,Jaunpur,25.70141280913127,82.54315351934063,194,4494204,8002,436792,540762,88404,534790,22876,256398,1024.0,61.0
Uttar Pradesh,Jhansi,25.45581535234902,78.89954580536917,166,1998603,8517,248072,228881,48648,194290,18860,92586,890.0,65.0
Uttar Pradesh,Jyotiba Phule Nagar,28.870498984771597,78.39009365482241,137,1840221,2825,131877,217672,31600,167023,7361,69522,910.0,53.0
Uttar Pradesh,Kannauj,26.993988617886185,79.64437940379408,160,1656616,2488,129517,239350,51330,178143,6011,95072,879.0,61.0
Uttar Pradesh,Kanpur Dehat,26.43047641196011,79.98710083056478,163,1796184,2682,234069,224986,20783,220794,12752,97740,865.0,65.0
Uttar Pradesh,Kaushambi,25.53587532051282,81.41811282051287,174,1599596,1503,321410,141102,30491,210669,4403,45341,908.0,51.0
Uttar Pradesh,Kushinagar,26.892530675909864,83.92261542461007,189,3564544,3486,528388,265686,57049,432174,12849,119625,961.0,55.0
Uttar Pradesh,Lalitpur,24.58877161016945,78.60082330508473,167,1221592,1079,131354,267580,14882,118185,5511,34658,906.0,52.0
Uttar Pradesh,Lucknow,26.838233589251463,80.89706026871404,157,4589838,68506,203029,175578,99863,539667,90205,639260,917.0,68.0
Uttar Pradesh,Mahoba,25.34529670138888,79.67863003472216,169,875958,1316,130422,114244,13523,85723,5755,37165,878.0,56.0
Uttar Pradesh,Mainpuri,27.17386862302482,79.03501851015807,148,1868529,2642,137174,270888,24784,216358,7361,111696,881.0,64.0
Uttar Pradesh,Mathura,27.59390432801821,77.62153416856502,145,2547184,8726,179248,235886,44453,212964,16580,103102,863.0,59.0
Uttar Pradesh,Mau,26.01082203791469,83.50582654028433,192,2205968,2656,212343,145225,118614,228921,7411,150462,979.0,62.0
Uttar Pradesh,Meerut,29.02957625698323,77.80611005586593,138,3443689,23717,153995,196068,63096,331961,42392,275076,886.0,62.0
Uttar Pradesh,Mirzapur,25.10207959183675,82.60126628571429,199,2496970,4447,334372,178132,80246,309079,10205,140668,903.0,57.0
Uttar Pradesh,Moradabad,28.851770406189537,78.73580193423597,135,4772006,11690,338384,368638,88733,399563,19316,186489,906.0,47.0
Uttar Pradesh,Muzaffarnagar,29.470507977736563,77.64017847866423,133,4143512,10077,323641,336049,45952,377807,32866,98691,889.0,58.0
Uttar Pradesh,Pilibhit,28.52024175035868,79.90103974175037,151,2031007,2870,224192,216476,22782,242225,7560,66129,895.0,52.0
Uttar Pradesh,Pratapgarh,25.864842731707316,81.93530048780492,131,867848,716,96815,306419,5516,62048,2803,19109,983.0,46.0
Uttar Pradesh,Pratapgarh,25.864842731707316,81.93530048780492,173,3209141,5149,386563,305746,68642,447696,15781,197846,998.0,60.0
Uttar Pradesh,Rae Bareli,26.253902840059787,81.22260463378181,158,3405559,5184,507882,316891,60774,509053,13483,153041,943.0,58.0
Uttar Pradesh,Rampur,28.83244727272725,79.10977333333337,136,2335819,3847,230238,214187,54238,247366,14386,43839,909.0,45.0
Uttar Pradesh,Saharanpur,30.03381165217392,77.59905147826095,132,3466382,9699,273050,221567,34032,365960,21310,154153,890.0,60.0
Uttar Pradesh,Sant Kabir Nagar,26.791596516393444,83.0387764344262,186,1715183,2031,241825,149604,28884,201340,6778,63506,972.0,56.0
Uttar Pradesh,Shahjahanpur,27.991389350649328,79.8302275324675,152,3006538,3889,275192,344973,31141,333199,9927,87355,872.0,50.0
Uttar Pradesh,Sitapur,27.501995963091108,80.85288881199547,154,4483992,3874,473554,571097,70971,575384,11679,127750,888.0,51.0
Uttar Pradesh,Sonbhadra,24.46693268858798,83.06816324951639,200,1862559,5149,371261,141007,29417,203774,10279,63846,918.0,53.0
Uttar Pradesh,Sultanpur,26.2846386419753,82.05710456790123,179,3797117,5956,501634,338890,85785,526011,18382,176414,983.0,59.0
Uttar Pradesh,Unnao,26.63163990895297,80.636773292868,156,3108367,3476,332663,450123,49243,417537,10191,101934,907.0,57.0
Uttar Pradesh,Varanasi,25.36057088888889,82.82529666666672,197,3676841,19214,182146,197952,168764,412569,24216,281652,913.0,65.0
Uttaranchal,Almora,29.683532133676103,79.50165064267351,64,622506,1830,10274,207617,4312,2673,3396,37742,1139.0,70.0
Uttaranchal,Bageshwar,29.98703393393397,79.83954354354357,63,259898,435,8985,85125,2991,975,1149,10900,1090.0,69.0
Uttaranchal,Chamoli,30.58338611464965,79.56281095541402,57,391605,899,3845,121157,5384,861,2516,27168,1019.0,72.0
Uttaranchal,Champawat,29.29142393939393,80.07720212121217,65,259648,548,4032,59993,1570,7523,1387,15110,980.0,68.0
Uttaranchal,Pithoragarh,30.14720631868129,80.34229230769236,62,483439,1344,5432,137332,6055,1600,3008,28375,1020.0,71.0
Uttaranchal,Tehri Garhwal,30.463700918635173,78.48783792650917,59,618931,1366,8129,187121,4021,3876,4324,30704,1077.0,66.0
Uttaranchal,Udham Singh Nagar,29.02779577677222,79.45629004524895,67,1648902,7883,165250,122686,26396,194624,16841,111062,920.0,63.0
Uttaranchal,Uttarkashi,30.968958552036234,78.56880615384617,56,330086,602,4387,117264,3122,1353,1637,18882,958.0,65.0
West Bengal,Bankura,23.081280892857155,87.12640053571437,339,3596674,4273,647374,309723,61386,546543,7898,133465,957.0,62.0
West Bengal,Barddhaman,23.444453888888884,87.8150581111111,335,7717563,32323,973182,342166,124558,1104486,46714,439823,945.0,68.0
West Bengal,Birbhum,24.06389342723,87.65153089201888,334,3502404,5210,611510,227254,65062,451618,7305,115743,956.0,62.0
West Bengal,Dakshin Dinajpur,25.342094363021435,88.69821679819614,331,1676276,2518,279932,193276,32290,225689,6211,52345,956.0,65.0
West Bengal,Darjiling,26.839619571045585,88.33145067024122,327,1846823,10943,66041,76178,16579,125953,15192,110193,970.0,71.0
West Bengal,Haora,22.401674174428507,87.99421176968654,341,4850029,30751,181662,80575,297774,576054,22295,304594,939.0,74.0
West Bengal,Hugli,22.87929264705881,88.00010264705891,338,5519145,31725,583380,259680,111828,903374,24013,380060,961.0,74.0
West Bengal,Jalpaiguri,26.62642031250004,89.04154375000003,328,3872846,9322,349672,214932,30090,502539,16431,129393,953.0,65.0
West Bengal,Kolkata,22.550581481481483,88.3527648148148,342,4496694,136618,12388,16039,68438,252887,85605,691804,908.0,80.0
West Bengal,Maldah,25.08026802575105,88.17191684549356,332,3988845,5357,545759,255182,196687,401774,9639,92207,944.0,52.0
West Bengal,Murshidabad,24.25950655391121,88.16816860465121,333,7103807,7951,842294,381076,466007,840951,14050,170051,958.0,57.0
West Bengal,Nadia,23.56410971055088,88.58293034547152,336,5167600,12787,556134,308742,169138,796698,18658,209562,947.0,67.0
West Bengal,Puruliya,23.254192328767108,86.3968532876713,340,2930115,3551,492205,268800,87560,393127,6602,77621,957.0,55.0
West Bengal,Uttar Dinajpur,26.044619165196977,88.23595232216337,330,3007134,2883,442328,257377,37978,362567,8150,59457,939.0,50.0
